,title,link,date,play_count,danmu_num,favorites,author
0,【马化腾】穷开心,http://www.bilibili.com/video/av19716936,2018-02-18,3686594,15065,143421,浅笑安然呐
1,【马化腾】腾大侠   ,http://www.bilibili.com/video/av19988095,2018-02-24,2201959,7762,80766,洛温阿特金森
2,【鬼畜】广东十年爱情故事,http://www.bilibili.com/video/av20160529,2018-02-28,1411325,11297,33128,青空彼方
3,【科学单曲】奇挂再现,http://www.bilibili.com/video/av19220776,2018-02-06,1370723,3020,17106,小熙攘
4,【DNF】你好，勇士,http://www.bilibili.com/video/av19004470,2018-02-01,1185610,10782,31439,小巨人猪大星
5,【丞相司徒】三国恋,http://www.bilibili.com/video/av19038345,2018-02-02,1004634,15105,59975,惜缘、过去
6,【五五开】挂手,http://www.bilibili.com/video/av20089252,2018-02-26,951926,4086,17276,潮汕好男人
7,【武林外传】我的一个盗圣朋友,http://www.bilibili.com/video/av19081120,2018-02-03,950769,3888,30608,深海色带鱼
8,【马化腾】核(充)爆(钱)神曲,http://www.bilibili.com/video/av20027056,2018-02-25,805328,4562,26599,滑音未来
9,【卢本伟】挂挂八十一,http://www.bilibili.com/video/av19653190,2018-02-16,722493,4303,15714,西尔丶泽灵君
10,【马化腾】氪金再现（奇迹再现）,http://www.bilibili.com/video/av20146149,2018-02-28,571543,2397,8697,卡罗路的夏夜
11,【陈佩斯x朱时茂】我陈佩斯浑身都是戏！,http://www.bilibili.com/video/av19911620,2018-02-23,565755,1855,13026,大白熊呀大白熊
12,【举起手来】一口气全念对,http://www.bilibili.com/video/av18959165,2018-02-02,514753,2192,9158,大白熊呀大白熊
13,【五五开】最炫开挂风,http://www.bilibili.com/video/av19552171,2018-02-14,507063,3993,9689,秋名山上的486
14,【贝爷】冒险传说,http://www.bilibili.com/video/av19156439,2018-02-05,505230,3126,13655,潮汕好男人
15,【马化腾】浮夸,http://www.bilibili.com/video/av19928357,2018-02-23,435050,2704,10304,树叶输液
16,【丞相】我的一个丞相朋友,http://www.bilibili.com/video/av19669086,2018-02-16,421693,3957,22142,惜缘、过去
17,【马云】我对装比没有兴趣：一口气全装对,http://www.bilibili.com/video/av19571349,2018-02-14,413011,1574,13484,大家都叫我M4
18,【贝爷】新九九八十一,http://www.bilibili.com/video/av18957234,2018-02-02,395504,3554,12885,菲林君
19,【芦苇】火力开挂王——2p重制,http://www.bilibili.com/video/av19231731,2018-02-06,351067,690,2016,卖初音的小樱花
20,【马云X马化腾】穷开心,http://www.bilibili.com/video/av19990108,2018-02-25,326706,1134,14271,枫之叶feng
21,【火力偷车王】震惊！领袖竟叛变去打工！,http://www.bilibili.com/video/av19325252,2018-02-09,323924,307,959,卖初音的小樱花
22,【精】马化腾唱了什么让八百万勇士同时落泪???,http://www.bilibili.com/video/av20131516,2018-02-27,323312,2257,7925,鬼畜的沐子君
23,【贝爷】甜甜的,http://www.bilibili.com/video/av19312033,2018-02-09,317791,2149,7738,树深时见鹿dear
24,【神探狄仁杰】狄胖笑,http://www.bilibili.com/video/av19871205,2018-02-22,274158,2009,10066,言雪未寒
25,【亮剑金曲】霍元甲,http://www.bilibili.com/video/av19706383,2018-02-17,269264,3582,11875,暴力贝
26,【五五开】小跳挂,http://www.bilibili.com/video/av19765189,2018-02-19,262303,2716,7327,吔比大怂
27,【波澜哥】青鸟,http://www.bilibili.com/video/av19583125,2018-02-14,240367,1016,4377,牧七丶
28,【五五开】芦苇很忙,http://www.bilibili.com/video/av19349975,2018-02-09,228585,853,5084,时雨若雨
29,【元首】失败的帝国（九九八十一）,http://www.bilibili.com/video/av19004743,2018-02-01,216688,2799,8273,拿破仑少尉
30,【旅行青蛙】蛙崽去哪儿,http://www.bilibili.com/video/av19222869,2018-02-06,206066,2039,5543,一个可丽饼
31,【卢本伟】威风堂堂,http://www.bilibili.com/video/av19840544,2018-02-21,203152,702,3561,威生天霖
32,《听哥哥的话》葛平单曲 最强组合(干物妹小埋x我的妹妹不可能那么可爱x埃罗芒阿老师),http://www.bilibili.com/video/av19337972,2018-02-09,200895,3472,14767,摩托摩托托
33,【五五开】名挂壁芦苇,http://www.bilibili.com/video/av20062936,2018-02-26,197044,1147,7119,吔比大怂
34,【马化腾】Faded,http://www.bilibili.com/video/av20112510,2018-02-27,184885,1620,7116,吔比大怂
35,【填词合作】兰亭序,http://www.bilibili.com/video/av19181173,2018-02-05,183148,3376,9439,开大拿一血FirstBLOOD
36,【丞相/司徒】芊芊,http://www.bilibili.com/video/av20080796,2018-02-26,178164,2139,7932,小P孩儿呐
37,【卢本伟】开挂神域,http://www.bilibili.com/video/av19877583,2018-02-22,174155,736,2994,一只菜鸟哟
38,【马化腾】我们不一样！致敬那些努力的人！,http://www.bilibili.com/video/av19185065,2018-02-06,165814,1287,2620,秋名山上的切莫
39,【卢本伟】斗鱼十年开挂故事,http://www.bilibili.com/video/av19699395,2018-02-17,165436,820,592,梓贱啊梓贱
40,【马化腾】氪金者(追光者),http://www.bilibili.com/video/av20064129,2018-02-26,159413,1152,3437,小渣Leon
41,【亮剑金曲】狐言,http://www.bilibili.com/video/av20152864,2018-02-28,158432,2106,8487,暴力贝
42,我胖虎今天要唱一首《青鸟》,http://www.bilibili.com/video/av20086428,2018-02-26,150830,858,4259,KaikaiTyan
43,【大司马】大皮江湖,http://www.bilibili.com/video/av19193377,2018-02-06,150410,579,1780,秋叶龙
44,【鬼畜】诸葛亮王朗带你穿越去武林,http://www.bilibili.com/video/av19010577,2018-02-02,138580,1165,4192,还有一天就放假了
45,【卢本伟】前前前世-你的外挂,http://www.bilibili.com/video/av19699588,2018-02-17,137184,621,2740,泽野牧峮
46,【吕秀才】我们不一样,http://www.bilibili.com/video/av19812581,2018-02-20,135722,849,4141,铁盒里的我
47,【卢本伟】体面（他也是个体面人）,http://www.bilibili.com/video/av19371195,2018-02-09,133566,982,1621,呵呵鬼oni
48,【金坷垃】2018金坷垃播种祭,http://www.bilibili.com/video/av19442414,2018-02-11,131310,5169,6681,自晶君
49,【波澜哥】秋天不回来,http://www.bilibili.com/video/av19742525,2018-02-19,125272,1318,5401,Minow菜菜
50,【李云龙】美丽的神话 - 致秀芹【填词合作】,http://www.bilibili.com/video/av19540873,2018-02-16,124593,1292,5160,小猪P_
51,【波澜哥】梦的光点,http://www.bilibili.com/video/av18971448,2018-02-01,123394,1075,4665,秋之穹雪曜
52,【波澜哥】本草纲目,http://www.bilibili.com/video/av19052070,2018-02-02,120957,1226,4935,树叶输液
53,【奥巴马＆川普】等你下课,http://www.bilibili.com/video/av19356451,2018-02-09,120878,1392,3428,calmeva
54,【卢本伟】震惊！！卢本伟开挂事件的从始至尾居然可以用一首歌来形容,http://www.bilibili.com/video/av19682273,2018-02-16,120759,257,452,负债累累的小冷
55,【卢本伟】别看我只是个挂壁,http://www.bilibili.com/video/av19298172,2018-02-08,119587,472,1270,大九只
56,【丞相】追君者,http://www.bilibili.com/video/av19395695,2018-02-10,119265,1629,5810,冷瓜总是那么智障
57,【小猪佩奇】佩奇镇（童话镇）,http://www.bilibili.com/video/av19707493,2018-02-17,118032,1425,5008,卡罗路的夏夜
58,【五五开】别看我只是一只挂,http://www.bilibili.com/video/av19609708,2018-02-15,116639,236,1294,长果en
59,【全明星】红日,http://www.bilibili.com/video/av19269115,2018-02-07,105746,1826,6138,怠惰的一休
60,【渣渣辉】核爆神曲aZHAz,http://www.bilibili.com/video/av19511789,2018-02-13,105739,483,2034,树叶输液
61,【岳不群x林平之】小拜年（东北二人转小帽）,http://www.bilibili.com/video/av19292151,2018-02-08,103038,1069,4588,傲视在俗世上
62,【五五开】易瞄易开挂,http://www.bilibili.com/video/av19521937,2018-02-13,102058,893,2137,吔比大怂
63,【卢本伟】有点甜,http://www.bilibili.com/video/av20005572,2018-02-24,102015,585,2918,Funny_小苓
64,【渣渣辉】巴啦啦小魔仙,http://www.bilibili.com/video/av19045648,2018-02-02,101262,773,3435,怀特鸡腿
65,【葛平X拿破仑--历史向】拿执天下（操戈天下）,http://www.bilibili.com/video/av19970470,2018-02-24,98991,582,2968,拿破仑少尉
66,【李云龙】精忠报国,http://www.bilibili.com/video/av19964764,2018-02-23,97194,560,1713,碎梦惊寒
67,【马化腾】再充八万，必出！,http://www.bilibili.com/video/av20134267,2018-02-27,95997,398,488,惊鸿一瞥是咸鱼
68,【全明星】消愁（全明星倾情演唱）,http://www.bilibili.com/video/av19582845,2018-02-14,95813,947,2385,青凌散仙
69,【雷军】飞得更高,http://www.bilibili.com/video/av19643116,2018-02-16,92762,1913,2426,小卡塔克
70,【波澜哥】说谎,http://www.bilibili.com/video/av19978185,2018-02-24,91124,659,1716,掉线的夜曲er
71,【F91】一口气全做对,http://www.bilibili.com/video/av19111492,2018-02-04,88896,761,3249,暗言术DUANG
72,【波澜哥】说散就散,http://www.bilibili.com/video/av19026718,2018-02-02,84331,533,323,茄子Nasu
73,【葛平&amp;洛天依】打上花火,http://www.bilibili.com/video/av19752350,2018-02-19,81975,949,5522,游学兔
74,【马化腾】霍元甲,http://www.bilibili.com/video/av19879850,2018-02-22,78544,430,685,小赛君
75,【矢泽妮可 过♀年】妮可(feat.μ&#39;s)来给大家拜年啦！(螳螂同款春节序曲 含海啸含鸟叫全调音),http://www.bilibili.com/video/av19448134,2018-02-11,77880,1041,5428,松鼠の尾巴
76,【穷本伟】恕我直言，你们没开挂都是辣鸡,http://www.bilibili.com/video/av18997154,2018-02-01,71516,126,258,欧德鎟
77,【五五开】浮夸,http://www.bilibili.com/video/av19489826,2018-02-12,70662,722,1751,小熙攘
78,【波澜哥】波澜哥带你去浪漫土耳其,http://www.bilibili.com/video/av19103989,2018-02-03,70571,474,1447,掉线的夜曲er
79,【卢本伟】出卖,http://www.bilibili.com/video/av19594783,2018-02-14,70422,451,561,坏遥控器
80,【马化腾】游戏之王【16款TX氪金游戏，你玩过几款？】,http://www.bilibili.com/video/av19919813,2018-02-23,69892,455,566,SaBoLi你我的噫鸨
81,【波澜哥】等你下课,http://www.bilibili.com/video/av19691759,2018-02-17,69430,876,2486,柴可夫司徒
82,【神探狄仁杰】江山,http://www.bilibili.com/video/av20036959,2018-02-25,68057,384,1616,言雪未寒
83,烟花易冷——诸葛的一生,http://www.bilibili.com/video/av19252546,2018-02-07,67784,318,998,四哥是攻
84,【神探狄仁杰】不着尘相,http://www.bilibili.com/video/av19416755,2018-02-10,67063,554,2875,言雪未寒
85,【万神纪】华夏万英纪-细数中国历史上的不朽伟人,http://www.bilibili.com/video/av19890492,2018-02-22,66614,937,3874,度娘你要闹哪样
86,【悟空】浮夸,http://www.bilibili.com/video/av19303345,2018-02-08,66407,885,3963,KaikaiTyan
87,【马云】我的一个首富朋友,http://www.bilibili.com/video/av19796971,2018-02-20,66226,436,931,卖初音的小樱花
88,【五五开】等你实锤——《等你下课》最新改编力作,http://www.bilibili.com/video/av19431140,2018-02-11,65641,471,502,因你而在的梦
89,【王司徒】123我爱你    唱得不甜不要币๑乛◡乛๑,http://www.bilibili.com/video/av19177589,2018-02-08,65618,1118,2062,卷毛不是吹出来的
90,【五五开】等你开挂,http://www.bilibili.com/video/av19807761,2018-02-20,64618,313,557,胡萝卜的须
91,【川普】想要变得鬼畜,http://www.bilibili.com/video/av19360311,2018-02-09,63977,474,1687,裸奔的爱毛
92,【五五开】我是挂逼   卢本伟拜年祭歌曲现场尬舞耍可爱             原曲：我是女生-徐怀钰,http://www.bilibili.com/video/av19515106,2018-02-13,63708,270,280,就是硬币太多想改昵称
93,【五五开】两只挂壁,http://www.bilibili.com/video/av19725510,2018-02-18,63488,270,618,天聪君
94,来来来，剑灵火龙娘了解一下,http://www.bilibili.com/video/av19272546,2018-02-07,63391,169,315,小巨人猪大星
95,【卢本伟】差一步,http://www.bilibili.com/video/av19786914,2018-02-19,63290,480,1150,奇点工作室小昊
96,『王尼玛』穷开心,http://www.bilibili.com/video/av18990312,2018-02-01,63098,499,757,菜枸子丶
97,【播种祭单品】金坷垃永恒花园,http://www.bilibili.com/video/av19697700,2018-02-17,62139,541,1898,Spin9
98,【渣渣辉】病名为渣,http://www.bilibili.com/video/av19005743,2018-02-01,60491,556,1256,十日天火
99,【窃格瓦拉】扒手(水手),http://www.bilibili.com/video/av19228150,2018-02-06,59315,281,896,卖初音的小樱花
100,【李云龙】晴天,http://www.bilibili.com/video/av19602957,2018-02-15,58165,633,1329,枫之叶feng
101,【东方不败】月圆花好（周璇版）岳不群客串,http://www.bilibili.com/video/av19787282,2018-02-19,58148,459,635,傲视在俗世上
102,【元首】穷开心,http://www.bilibili.com/video/av19798859,2018-02-20,57269,318,1951,咬舌狂魔基林酱
103,[五五开]普通外挂,http://www.bilibili.com/video/av19592144,2018-02-14,56549,341,346,暮寒白林z
104,卢本伟（红日）,http://www.bilibili.com/video/av19688432,2018-02-17,55999,265,537,杂食君君
105,【小猪佩奇】千本佩奇,http://www.bilibili.com/video/av19099832,2018-02-03,54110,486,3037,卡罗路的夏夜
106,【波澜哥】晴天,http://www.bilibili.com/video/av19174595,2018-02-06,49167,568,1688,枫之叶feng
107,【全明星】穷开心,http://www.bilibili.com/video/av20120108,2018-02-27,47853,1230,452,C0ngratulationS
108,【马化腾 x 马云】有何不可,http://www.bilibili.com/video/av20061362,2018-02-26,47250,390,1020,小赛君
109,【王尼玛】本草纲目,http://www.bilibili.com/video/av19474685,2018-02-12,45933,593,788,晓风残云何时了
110,【黄旭东】毒奶镇,http://www.bilibili.com/video/av18992687,2018-02-01,45474,102,249,苏大妈丶
111,【马化腾】甜甜的  少年强则马化腾强,http://www.bilibili.com/video/av20171792,2018-02-28,44979,441,1421,爱吃布丁的喵酱
112,【波澜哥】丑八怪（这是掀起波澜的时代~）,http://www.bilibili.com/video/av19273370,2018-02-07,43554,534,1016,小学生是我师父
113,【马化腾】通天大道宽又阔,http://www.bilibili.com/video/av20172615,2018-02-28,43441,228,564,蚂蚁者_蒙
114,【戏腔】新贵妃醉酒,http://www.bilibili.com/video/av20083227,2018-02-26,43152,691,2155,白勺啊达
115,【芦苇-夜曲】为你化身绝地科学家,http://www.bilibili.com/video/av19521305,2018-02-13,42880,221,433,卖初音的小樱花
116,【360】再盗视频五百年（周鸿祎亲自献声，附周鸿祎音源）,http://www.bilibili.com/video/av19876817,2018-02-22,42447,229,419,爱坷垃的杨海光
117,【鬼畜三国杀】水手——那个男人,http://www.bilibili.com/video/av19756436,2018-02-19,42149,459,1084,太猪五皇帝
118,【五五开】挂如雪,http://www.bilibili.com/video/av19687841,2018-02-17,41270,248,283,胡萝卜的须
119,【全明星】有何不可,http://www.bilibili.com/video/av20013223,2018-02-25,40807,617,1768,小学生是我师父
120,渣渣♂辉居然代言了旅性♂青蛙,http://www.bilibili.com/video/av19033791,2018-02-02,39911,122,489,白羊萌飞
121,【金坷垃】没蒸发过,http://www.bilibili.com/video/av19643074,2018-02-16,39726,1059,1785,菊子桑
122,【马化腾】一口气全念对,http://www.bilibili.com/video/av19780136,2018-02-20,39565,281,1053,枫之叶feng
123,王司徒再战诸葛亮——巨型战争,http://www.bilibili.com/video/av19658344,2018-02-16,39410,261,250,一个奇怪的东西
124,【妮可主演/缪斯全明星 x HOP】保加利亚偶像!,http://www.bilibili.com/video/av20090999,2018-02-26,38735,472,2714,松鼠の尾巴
125,【全明星】追梦鬼畜心,http://www.bilibili.com/video/av19919927,2018-02-23,37682,354,802,蚂蚁者_蒙
126,【一人一首金坷垃】告白坷垃（原曲：告白气球 by 周杰伦）,http://www.bilibili.com/video/av19185015,2018-02-05,37619,743,1634,绝之望的马沙
127,【马化腾】干物爹！小马,http://www.bilibili.com/video/av19827633,2018-02-21,37099,217,820,枫之叶feng
128,未闻物理（花名）,http://www.bilibili.com/video/av19718637,2018-02-17,36111,802,2250,正在堡粥的小粥
129,【金坷垃】植物大战僵尸屋顶BGM,http://www.bilibili.com/video/av19362802,2018-02-09,35249,298,1127,ALIEN残影
130,【马化腾x马云】非酋,http://www.bilibili.com/video/av19959554,2018-02-24,34180,176,1290,苏打热可可
131,【神探狄仁杰】周杰伦情歌三首（夜曲/七里香/千里之外）,http://www.bilibili.com/video/av19710060,2018-02-17,33986,657,780,格子阿鼎
132,葛平演唱两只老（光）虎（头）,http://www.bilibili.com/video/av19770731,2018-02-19,33883,17,22,佩奇制作工作室
133,【渣渣灰】渣渣渣世,http://www.bilibili.com/video/av19898164,2018-02-22,33624,298,288,秋库w
134,【葛平】到不了 FGO版,http://www.bilibili.com/video/av19575431,2018-02-14,33565,1080,2000,艺寒HaN
135,【葛平】操戈天下·英伦天下-英国通史,http://www.bilibili.com/video/av19440491,2018-02-11,33017,190,1087,度娘你要闹哪样
136,【五五开】如果有一天我变得很有钱,http://www.bilibili.com/video/av19706809,2018-02-17,33013,262,176,大菊橘
137,【葛平】天高风歌（重制版）,http://www.bilibili.com/video/av19149475,2018-02-05,32070,448,2364,Spin9
138,【心灵针灸】FuQ（原曲：浮夸 by 陈奕迅）,http://www.bilibili.com/video/av19371915,2018-02-09,31934,932,2420,绝之望的马沙
139,【黄旭东】新的一年，一首《凉凉》送给大家,http://www.bilibili.com/video/av19603473,2018-02-15,31712,419,446,樗儿
140,【达拉挂吧】挂逼芦苇被实锤,http://www.bilibili.com/video/av19087151,2018-02-03,31393,291,416,斌雪之初
141,【景天】景天出道单曲《有何不可》,http://www.bilibili.com/video/av19977927,2018-02-24,31193,275,613,不务正业的吴先生
142,【窃格瓦拉】男儿当偷车,http://www.bilibili.com/video/av20109276,2018-02-27,31136,113,135,无敌时间
143,【马云】未闻钱名,http://www.bilibili.com/video/av19077605,2018-02-03,29856,407,926,白夜长路deep丶
144,【渣渣辉】faded:渣渣辉教你如何赚钱,http://www.bilibili.com/video/av19080041,2018-02-03,29845,142,321,才人是笨狗
145,狮驼雨上（清明雨上）,http://www.bilibili.com/video/av20123764,2018-02-27,29656,414,1697,喵の茴香
146,【五五开】逐梦挂比圈——魔音灌耳,http://www.bilibili.com/video/av19280466,2018-02-07,28287,163,298,因你而在的梦
147,【G胖】干物胖！小G！,http://www.bilibili.com/video/av19308951,2018-02-08,27960,193,1048,树叶输液
148,【李云龙】我要夏天,http://www.bilibili.com/video/av18967599,2018-02-01,27819,241,269,枫之叶feng
149,【蛇哥】朋友的酒,http://www.bilibili.com/video/av19601049,2018-02-15,27529,111,292,大力树
150,【卢本伟】开挂的边境线,http://www.bilibili.com/video/av19718872,2018-02-17,26744,100,229,DIY疯子
151,【庞麦郎】水手,http://www.bilibili.com/video/av19512064,2018-02-12,26463,390,1001,滑音未来
152,王者荣耀【超燃全英雄填词】万神纪,http://www.bilibili.com/video/av19414661,2018-02-10,25651,337,840,A酱丿
153,【马云】甜甜的,http://www.bilibili.com/video/av19155573,2018-02-05,25045,504,659,Alien霸霸
154,【达拉崩吧】揭秘渣渣辉和贪玩蓝月间不为人知的事！,http://www.bilibili.com/video/av19720961,2018-02-18,24797,134,513,吔比大怂
155,【马化腾&amp;马云】马马偏头痛（兄弟你想变强么？）,http://www.bilibili.com/video/av19004624,2018-02-01,24481,189,718,糖醋里脊包
156,【周鸿祎】剽窃之王,http://www.bilibili.com/video/av20181709,2018-02-28,23927,324,706,糖醋里脊包
157,【元首】我们不一样,http://www.bilibili.com/video/av19645934,2018-02-16,23672,302,645,一氧化墨白
158,崩坏3——好运来,http://www.bilibili.com/video/av19306426,2018-02-08,23254,621,1206,灵魂氏
159,[元首]追光者,http://www.bilibili.com/video/av19597705,2018-02-15,23195,479,648,夜空夢
160,【坑爹歌】鬼畜P3 等你下课,http://www.bilibili.com/video/av19732044,2018-02-18,23062,850,736,风一样的坑爹哥668
161,【马化腾】逐梦氪金圈！,http://www.bilibili.com/video/av19418775,2018-02-11,21694,141,336,小赛君
162,【五五开】我们不一样,http://www.bilibili.com/video/av19588373,2018-02-14,21653,161,77,大菊橘
163,【中国历史】华夏五千载九九八十一！用九九八十一唱历史~,http://www.bilibili.com/video/av19684716,2018-02-17,21590,183,802,花街居士蓝龙阙
164,卢本伟/五五开  霍元甲,http://www.bilibili.com/video/av20116575,2018-02-27,20437,81,111,蚌大唧唧
165,【渣渣辉】某渣渣辉的超电磁炮-LVEVL5 zhazhahui,http://www.bilibili.com/video/av19565335,2018-02-14,19973,189,515,加勒比的石头
166,【小猪佩奇】旅行佩奇,http://www.bilibili.com/video/av19016664,2018-02-01,19932,109,475,卡罗路的夏夜
167,【渣渣辉】渣渣辉之hop,http://www.bilibili.com/video/av19033316,2018-02-02,19760,177,229,蚂蚁者_蒙
168,【川普×奥巴马】喀秋莎,http://www.bilibili.com/video/av19260716,2018-02-07,19164,105,591,化学酱あずみ
169,【卢本伟】兄弟来开挂,http://www.bilibili.com/video/av19781473,2018-02-19,19123,66,47,咸鱼看看
170,【黄旭东】玫瑰花的葬礼,http://www.bilibili.com/video/av19705498,2018-02-17,18636,123,436,树叶输液
171,【卢本伟】有挂好牛逼-我为挂狂     卢老爷子走的时候很安详,http://www.bilibili.com/video/av19236157,2018-02-07,18506,65,71,就是硬币太多想改昵称
172,【全明星】123我爱你,http://www.bilibili.com/video/av19495009,2018-02-12,17886,67,106,西尔丶泽灵君
173,【绝地求生】路飞挂，巨大挂，土流壁挂，瞬间爆炸挂...挂逼Gun啊！,http://www.bilibili.com/video/av19632204,2018-02-15,17727,100,237,Himoda黑猫大
174,渣渣辉与贪玩蓝月之《别看我只是渣渣辉》（重制版）,http://www.bilibili.com/video/av19170889,2018-02-05,17046,34,185,吔比大怂
175,【窃格瓦拉】我的一个人才朋友-剧情向/虐向,http://www.bilibili.com/video/av19640759,2018-02-15,16929,130,137,卖初音的小樱花
176,【渣渣灰】红日,http://www.bilibili.com/video/av19248015,2018-02-07,16118,125,277,正经の咸鱼
177,【坷垃动画】紫罗兰永恒肥料,http://www.bilibili.com/video/av19973810,2018-02-24,15362,298,954,绝之望的马沙
178,【波澜哥】命运石之门OP,http://www.bilibili.com/video/av19653865,2018-02-16,15173,138,263,秋名双马尾
179,【丞相 司徒】徐梦园/双笙 藏,http://www.bilibili.com/video/av19390511,2018-02-10,15120,294,408,救死扶伤周树人_
180,深海♂兄贵【华彩男尻祭&#39;17单品】,http://www.bilibili.com/video/av18996464,2018-02-01,14720,57,498,何奥的菜花
181,【岳云鹏】Akiba,http://www.bilibili.com/video/av20076570,2018-02-26,14676,100,185,風音ひより
182,金坷垃进行曲,http://www.bilibili.com/video/av19216432,2018-02-06,14478,170,272,归曼火花一闪_
183,【周某】我是一只小小鸟,http://www.bilibili.com/video/av19199440,2018-02-06,14394,173,213,史蒂芬王富贵
184,【神探狄仁杰】过你们的情人节吧！,http://www.bilibili.com/video/av19556541,2018-02-13,14390,290,523,格子阿鼎
185,【卢本伟】开挂恋歌,http://www.bilibili.com/video/av19511657,2018-02-13,14304,82,184,叫我CP
186,【葛平】天行健·华夏-用一首歌唱尽中国千年兴衰,http://www.bilibili.com/video/av19598696,2018-02-14,14235,82,467,度娘你要闹哪样
187,【卢本伟 五五开】拔挂神曲【重制】（不是亚索吹箫了）,http://www.bilibili.com/video/av19505603,2018-02-12,14104,96,46,蚌大唧唧
188,【波澜哥】破烂之国（重制版）,http://www.bilibili.com/video/av19487091,2018-02-12,13864,14,707,千循真夜
189,【窃格瓦拉】十年  不打工,http://www.bilibili.com/video/av19927671,2018-02-23,13690,66,80,无敌时间
190,【病名为工】窃格瓦拉：听说有人喊我打工？？？,http://www.bilibili.com/video/av19542750,2018-02-13,13686,266,279,月影SinnerL
191,【金坷垃】碎屏神曲-POP TEAM EPIC,http://www.bilibili.com/video/av19812841,2018-02-20,13389,103,506,滑音未来
192,情人节，许墨给你唱《告白气球》,http://www.bilibili.com/video/av19599837,2018-02-14,13201,592,336,おおくま大熊
193,【元首】德将抄(德二&amp;德三),http://www.bilibili.com/video/av20106540,2018-02-27,12834,214,463,度娘你要闹哪样
194,【鬼畜】艾伦·波澜   艾伦看了想打人,http://www.bilibili.com/video/av19070096,2018-02-03,12696,116,96,做我的一抹多
195,【元首】千本盗视频,http://www.bilibili.com/video/av19997879,2018-02-24,12083,187,318,咬舌狂魔基林酱
196,【神探狄仁杰】单身情歌（一图）,http://www.bilibili.com/video/av19585960,2018-02-14,12081,307,553,格子阿鼎
197,【新年针灸】宅歌（原曲 high歌 by 黄龄）,http://www.bilibili.com/video/av19630662,2018-02-15,11835,330,436,绝之望的马沙
198,【凉风鬼畜】凉大侠,http://www.bilibili.com/video/av19068282,2018-02-03,11607,80,188,中二病小忆
199,李泽言ver.【一口气全念对】（删掉）《一口气就是怼》,http://www.bilibili.com/video/av19401981,2018-02-10,11487,174,816,おおくま大熊
200,【马化腾】腾讯腾讯想赚钱 原曲：樱花樱花想见你,http://www.bilibili.com/video/av20137307,2018-02-27,11386,107,324,腾龙工作室
201,【马云】紅葉花唄,http://www.bilibili.com/video/av19248500,2018-02-07,11263,106,253,隔壁晓冥
202,【LoveLive!】【妮可人力】妮可的随波逐流,http://www.bilibili.com/video/av19551087,2018-02-14,10826,181,802,鱼北酱QAQ
203,【窃格瓦拉】秋天不偷车 那是不可能滴~,http://www.bilibili.com/video/av20064370,2018-02-26,10738,78,127,腾龙工作室
204,【奥巴马】达拉崩吧,http://www.bilibili.com/video/av19142074,2018-02-04,10590,164,237,Melancholy_ADI
205,《全明星》有点甜,http://www.bilibili.com/video/av19353461,2018-02-09,10473,126,125,梦忆-回首
206,【波澜哥】吻别,http://www.bilibili.com/video/av19583715,2018-02-14,10462,197,328,化学酱あずみ
207,【渣渣辉】渣大侠（周大侠）,http://www.bilibili.com/video/av19339550,2018-02-09,10345,116,281,怀特鸡腿
208,【大司马】大地,http://www.bilibili.com/video/av19956427,2018-02-24,10325,154,222,岩雀Taliyah丶
209,【快视频】偷窃镇（童话镇）——我360不做杀毒软件啦！！！,http://www.bilibili.com/video/av19839037,2018-02-21,10227,149,194,因你而在的梦
210,【小埋】干物云 马埋R,http://www.bilibili.com/video/av19399138,2018-02-10,10142,89,125,萌神丨馒头
211,【哲学】有点♂骚,http://www.bilibili.com/video/av19487390,2018-02-12,10104,159,138,悠哉Leisure
212,我会自己上厕所,http://www.bilibili.com/video/av19860169,2018-02-21,9880,35,95,小绿甲
213,在下蛇哥 有何贵干？【音源配布】,http://www.bilibili.com/video/av19825084,2018-02-20,9879,31,48,大力树
214,【葛平】【二战-苏联视角】权御天下-共产天下 红军的荣耀【1924——1953】,http://www.bilibili.com/video/av20139610,2018-02-27,9834,93,302,AH141
215,【深夜福利】对魔忍,http://www.bilibili.com/video/av19966097,2018-02-24,9680,28,41,大呀嘛大绅士
216,【五五开】等你开挂,http://www.bilibili.com/video/av19797557,2018-02-20,9549,104,56,青葱骚连
217,【van様】我们都一样,http://www.bilibili.com/video/av19536956,2018-02-13,9253,156,92,阿骞菌
218,【葛平】千本百家姓【B站首个鬼畜百家姓的UP】,http://www.bilibili.com/video/av19228572,2018-02-07,9131,167,270,秋名山上的486
219,【多明星】Gee（五五开×渣渣辉×波澜哥×熊凤山）,http://www.bilibili.com/video/av19719471,2018-02-18,8931,127,175,秋名双马尾
220,《无与伦比章鱼哥》专辑-《水手》,http://www.bilibili.com/video/av20055075,2018-02-25,8901,79,222,愤怒桶
221,【贪玩蓝月】逐梦渣渣辉,http://www.bilibili.com/video/av19700596,2018-02-18,8829,44,55,才人是笨狗
222,【黄旭东】穷吃鸡,http://www.bilibili.com/video/av19621812,2018-02-15,8771,36,152,卡泽兰
223,【五五开】小挂壁,http://www.bilibili.com/video/av19229069,2018-02-07,8610,60,73,天聪君
224,【窃格瓦拉】权御天下,http://www.bilibili.com/video/av19638098,2018-02-15,8609,73,92,瞑浔Sabri
225,【丞相】刚好遇见你—终留青史天下祭,http://www.bilibili.com/video/av19874542,2018-02-22,8598,149,313,茄子Nasu
226,【调音师上线】你见过会唱歌的鹦鹉吗？（白金disco）,http://www.bilibili.com/video/av19582883,2018-02-14,8460,33,189,魔方OwO
227,【锡兰】对不起，我是活在视频里的男子,http://www.bilibili.com/video/av19875529,2018-02-22,8330,180,625,绿发大叔
228,【贝爷】如我西沉 新的一年当然是继续看见什么吃什么啦!,http://www.bilibili.com/video/av19691683,2018-02-17,8268,100,277,万污空空
229,【挂游记】开挂大道宽又阔,http://www.bilibili.com/video/av19607139,2018-02-15,8256,64,142,DIY疯子
230,fa♂维埃进行曲,http://www.bilibili.com/video/av20111188,2018-02-27,8137,68,141,隐喻Pb
231,等你下♂课,http://www.bilibili.com/video/av19044030,2018-02-02,8058,117,227,生命圣经早饭后第五版
232,【五五开】小苹果,http://www.bilibili.com/video/av19961751,2018-02-23,8025,58,125,大菊橘
233,【五五开·情人节限定】我怀念的——CCTV首秀开山之作,http://www.bilibili.com/video/av19569182,2018-02-14,7905,40,53,因你而在的梦
234,【司马懿】穷开心,http://www.bilibili.com/video/av19460398,2018-02-11,7563,65,175,咸鱼易忘事
235,【马云】红日,http://www.bilibili.com/video/av19921521,2018-02-23,7313,128,281,十日天火
236,【卢本伟/五五开】好开挂——好日子,http://www.bilibili.com/video/av19674576,2018-02-16,7187,40,47,蚌大唧唧
237,【新波澜哥】澜亭序,http://www.bilibili.com/video/av19698906,2018-02-17,7154,132,172,雷之考古
238,【新波澜哥】春天里,http://www.bilibili.com/video/av19402891,2018-02-10,7131,202,162,雷之考古
239,【迷路的牙刷】病名为转,http://www.bilibili.com/video/av18994751,2018-02-15,7127,381,376,牙刷搬运工
240,【金坷垃】戴拿奥特曼,http://www.bilibili.com/video/av19761148,2018-02-19,7085,66,115,iPlanetTM
241,【马云/雷军】young for you,http://www.bilibili.com/video/av19299892,2018-02-08,7061,86,247,青空彼方
242,【葛平】我曾征战四方 但求九九归一 魔兽世界 英雄，那是我们的过去,http://www.bilibili.com/video/av19860237,2018-02-21,7036,101,252,黏锅咸鱼小翔
243,【埃罗芒阿老师】我们的会长是老司机吗？,http://www.bilibili.com/video/av19209165,2018-02-06,6942,27,60,咕哒兰
244,【川普-全部都是挂】你们这些开挂的再开信不信我把蓝洞炸了,http://www.bilibili.com/video/av19313216,2018-02-08,6885,18,23,不想被奶盖盐
245,【司徒】【眉间雪】今生无缘，来世相见,http://www.bilibili.com/video/av19056554,2018-02-02,6872,110,280,救死扶伤周树人_
246,【波澜哥】霜雪千年,http://www.bilibili.com/video/av19890800,2018-02-22,6756,144,89,小汤子233
247,窃格瓦拉的音乐领袖之路----【模特】,http://www.bilibili.com/video/av19372335,2018-02-09,6457,120,175,释明空少女
248,情人节【庞麦郎】爱啦啦——电子摩音,http://www.bilibili.com/video/av19606316,2018-02-15,6444,60,113,Frank-y
249,【金坷垃】农珠GT【2018年金坷垃播种祭单品】,http://www.bilibili.com/video/av19986622,2018-02-24,6392,80,247,吾爱今生
250,【毛利小五郎】柯南！求求你别射我了！,http://www.bilibili.com/video/av20060665,2018-02-26,6257,44,90,-提问-
251,【轩墨宝宝】爱上墨,http://www.bilibili.com/video/av19233204,2018-02-07,6224,153,126,初秋蛋蛋怪
252,【傻妞】牵丝戏,http://www.bilibili.com/video/av19264969,2018-02-07,6210,80,119,碎梦惊寒
253,【刘醒X梁非凡】In the End,http://www.bilibili.com/video/av19537199,2018-02-13,6183,112,285,Temple9
254,【马云】追梦金子心,http://www.bilibili.com/video/av19089710,2018-02-04,6142,89,117,一只野生的CLZ
255,【五五开】央视一哥-化身芦苇的挂逼             原曲：化身孤岛的鲸（我们都被忘了）,http://www.bilibili.com/video/av20066315,2018-02-26,6096,39,58,就是硬币太多想改昵称
256,【360快视频】爬虫很忙（盗视频很忙）,http://www.bilibili.com/video/av19875372,2018-02-22,5949,41,84,胡萝卜的须
257,【纯黑】穷开心-穷直播,http://www.bilibili.com/video/av20190409,2018-02-28,5921,9,99,南条星尘
258,【丞相】蜀丞抄,http://www.bilibili.com/video/av19983786,2018-02-24,5918,67,151,橙子囧
259,【金坷垃】奈克瑟斯奥特曼,http://www.bilibili.com/video/av19183746,2018-02-05,5902,109,97,iPlanetTM
260,【亮剑嘴炮团】老赵、孔捷你们俩一起上吧，免得说我李云龙欺负你们,http://www.bilibili.com/video/av19157862,2018-02-05,5869,100,193,白勺啊达
261,【全明星】遇见,http://www.bilibili.com/video/av19401932,2018-02-10,5829,106,163,污污云
262,【葛叔】我的一个丞相朋友,http://www.bilibili.com/video/av19400245,2018-02-10,5811,47,88,超爱喝椰汁
263,【全明星】鬼畜家（原曲：李荣浩-作曲家）,http://www.bilibili.com/video/av19596256,2018-02-15,5645,153,224,西布君つ
264,【渣渣辉】渣渣之王带你找回年少贪玩的你,http://www.bilibili.com/video/av19282830,2018-02-07,5463,37,60,万污空空
265,【卢本伟】挂珠格格（某伟竟然拉人一起当神仙！）,http://www.bilibili.com/video/av19414798,2018-02-10,5461,49,34,DIY疯子
266,【葛平】五五开的达拉挂吧,http://www.bilibili.com/video/av19928011,2018-02-23,5449,84,191,FutaSama
267,因为刚好开学了,http://www.bilibili.com/video/av19970665,2018-02-24,5415,51,91,尼古拉斯负恒
268,【丞相x司徒】缘分一道桥,http://www.bilibili.com/video/av20163188,2018-02-28,5396,77,115,柴可夫司徒
269,【诸葛亮】紫罗兰永恒花园 op (tv-size),http://www.bilibili.com/video/av19777870,2018-02-19,5362,39,78,额定电压
270,【波澜哥】金刚波澜娃,http://www.bilibili.com/video/av19060581,2018-02-03,5318,75,29,六眼咸鱼酱
271,【马云】新贵妃醉酒,http://www.bilibili.com/video/av19092514,2018-02-03,5315,89,202,吾爱今生
272,【马云金曲】你再问一个问题试试？？？,http://www.bilibili.com/video/av19365210,2018-02-09,5293,887,135,Himoda黑猫大
273,【伪水蛭】疯狂杜蕾斯(滑稽),http://www.bilibili.com/video/av19053811,2018-02-02,5162,22,40,灯光球
274,【周鸿祎】快乐崇拜,http://www.bilibili.com/video/av20083348,2018-02-26,4986,45,80,时雨若雨
275,【渣渣辉】卖汤圆,http://www.bilibili.com/video/av20071387,2018-02-26,4907,36,50,帽凌MK
276,ONLY MY RAILGUN-“亚洲第一狙”克里斯还钱！！！,http://www.bilibili.com/video/av20027225,2018-02-25,4861,90,71,黑泽桂子
277,【泛式】千本歌神,http://www.bilibili.com/video/av20158551,2018-02-28,4849,61,222,-提问-
278,【波澜哥】—波澜先生，阴阳先生,http://www.bilibili.com/video/av19874868,2018-02-22,4784,64,113,B站胖次君
279,【刚好遇见你】高坂穗乃果,http://www.bilibili.com/video/av19473055,2018-02-12,4725,104,265,南喇嘛
280,【SNH48】贫穷偶像献唱穷开心,http://www.bilibili.com/video/av20071773,2018-02-26,4719,66,99,轻轻的吻着你的X
281,【全明星】鬼畜中国年,http://www.bilibili.com/video/av19765097,2018-02-19,4654,71,59,肥宅坷垃水
282,【新波澜哥】冬天里的一把火,http://www.bilibili.com/video/av20163981,2018-02-28,4651,70,126,雷之考古
283,【窃格瓦拉KTV金曲】牛仔很忙-周杰伦,http://www.bilibili.com/video/av19198552,2018-02-06,4502,56,133,路小爱吃咖喱鸡
284,【葛平】首相抄——英吹的养成从这里开始（原曲锦鲤抄）,http://www.bilibili.com/video/av19370679,2018-02-09,4468,53,155,槐安灵兮
285,波澜哥  演唱  我的天空,http://www.bilibili.com/video/av19791373,2018-02-19,4431,84,24,尼古拉斯负恒
286,【金坷垃】PLANET【60FPS】,http://www.bilibili.com/video/av19646256,2018-02-16,4411,105,240,咸鱼醬
287,【金坷垃】刚好遇见你,http://www.bilibili.com/video/av19497463,2018-02-12,4253,72,124,Chil_Lihc
288,【渣渣辉】渣渣虽可耻但有用,http://www.bilibili.com/video/av19352520,2018-02-09,4182,26,55,你可愁死我啦
289,【喵帕斯】喵不起,http://www.bilibili.com/video/av19250266,2018-02-07,4181,72,106,闇亡之闇苗
290,《全明星》过♂年,http://www.bilibili.com/video/av19433110,2018-02-11,4118,15,23,虎van鲨鱼
291,【马化腾】一亿分你一半,http://www.bilibili.com/video/av20108967,2018-02-27,4043,33,45,miku乱入
292,【金坷垃】半城烟沙——圣地亚哥合唱团,http://www.bilibili.com/video/av19296458,2018-02-08,3976,97,204,Frank-y
293,【金坷拉】寄坷垃【2018年金坷垃播种祭单品】,http://www.bilibili.com/video/av19701233,2018-02-18,3814,51,191,SaBoLi你我的噫鸨
294,【奥巴马×川普】POP TEAM EPIC,http://www.bilibili.com/video/av20141062,2018-02-27,3775,57,183,骑牛崩山撞海
295,【新三国/某蓝白の诸葛村夫utau/山水之间】起星辰之力!佑我蜀汉!(缅怀蜀汉丞相诸葛亮),http://www.bilibili.com/video/av19129798,2018-02-04,3729,120,58,Larnber
296,【元首】未来你还会在舰桥上和我说话吗,http://www.bilibili.com/video/av19094338,2018-02-03,3703,165,121,咬舌狂魔基林酱
297,【2018拜年向】【全学科明星】全学科的随波逐流,http://www.bilibili.com/video/av19882874,2018-02-22,3526,30,44,fufufufufu妹
298,【人力】艾兰.波澜：你们有听过Fade的填词版吗,http://www.bilibili.com/video/av19708667,2018-02-17,3504,72,25,一个小Univer
299,【葛平】2017新·鬼畜九九八十一——2017鬼畜盘点,http://www.bilibili.com/video/av19772023,2018-02-19,3495,57,65,因你而在的梦
300,【大司马新曲】芜湖泰迪马【東京テディベア】,http://www.bilibili.com/video/av19037747,2018-02-02,3460,38,51,SaBoLi你我的噫鸨
301,【全明星】全明星合唱祝福你,http://www.bilibili.com/video/av19467728,2018-02-11,3459,40,80,未央央
302,【波澜哥】桃花朵朵开,http://www.bilibili.com/video/av19728281,2018-02-18,3436,97,31,懒人娜娜
303,【全明星】你的爱：再见2017,http://www.bilibili.com/video/av19139138,2018-02-04,3350,23,21,晓风残云何时了
304,【二战-英国视角】鹰纠天下【巴黎和会——英国脱欧】,http://www.bilibili.com/video/av19058287,2018-02-03,3318,57,84,AH141
305,【玉龙の歌】罗永浩深情献唱野子,http://www.bilibili.com/video/av19594239,2018-02-14,3234,60,62,Qrvio
306,【川普】本草纲目：川建国同志武功盖世,http://www.bilibili.com/video/av19992359,2018-02-25,3231,45,62,西尔丶泽灵君
307,【司徒】走马,http://www.bilibili.com/video/av19533733,2018-02-13,3098,67,35,苏琦qi
308,【魔仙王子游乐】白金我太帅——我戴面具是因为我太帅了,http://www.bilibili.com/video/av19301605,2018-02-08,3098,49,62,高冷的蛋饼
309,【马化腾】咱们屯里的腾,http://www.bilibili.com/video/av20191440,2018-02-28,3043,17,58,岚泽Lense
310,【虎啸龙吟】不如跳舞,http://www.bilibili.com/video/av19135474,2018-02-04,2957,21,55,咸鱼易忘事
311,【王司徒&amp;诸葛亮】他一定很爱你,http://www.bilibili.com/video/av19066054,2018-02-03,2926,50,12,QAQ阡承
312,【四个野男人】恋语 【情人节限定】,http://www.bilibili.com/video/av19566004,2018-02-14,2889,30,108,茄子Nasu
313,【渣渣辉】为你打上蓝色的花火，贪玩蓝月的“蓝”,http://www.bilibili.com/video/av19783785,2018-02-19,2860,37,32,虚空闪光
314,波澜哥的青花瓷与核爆神曲,http://www.bilibili.com/video/av19046119,2018-02-02,2852,69,30,胸针elpsycongroo
315,【葛平】海绵宝宝的达拉崩吧,http://www.bilibili.com/video/av19239420,2018-02-07,2742,59,56,高级云玩家
316,【葛杰伦计划NO.48】漂移,http://www.bilibili.com/video/av19124000,2018-02-05,2713,28,64,Z杰洛X
317,【波澜哥】暗号,http://www.bilibili.com/video/av20161100,2018-02-28,2712,42,55,乖巧中暗藏着杀意
318,【金坷垃】千百度——圣地亚哥合唱团,http://www.bilibili.com/video/av19412024,2018-02-10,2666,98,119,Frank-y
319,【元首】9Bang15便士-我和大林的故事,http://www.bilibili.com/video/av19398673,2018-02-10,2632,68,157,度娘你要闹哪样
320,【波澜哥】恭喜恭喜,http://www.bilibili.com/video/av19279395,2018-02-08,2620,31,70,秋之穹雪曜
321,【2018金坷垃播种祭单品】[utau-jinkela]金黄色的回忆 PV,http://www.bilibili.com/video/av20116312,2018-02-27,2595,34,117,yksoft1
322,【马云】玫瑰花的葬礼,http://www.bilibili.com/video/av19074579,2018-02-03,2554,34,72,呆萌的若叶酱
323,【刘醒&amp;梁非凡】Battle of Rose,http://www.bilibili.com/video/av20070129,2018-02-26,2552,21,46,MYFl
324,【王尼玛】头套特大号,http://www.bilibili.com/video/av19263041,2018-02-07,2526,48,59,骑牛崩山撞海
325,【渣作】马冬梅恋爱循环,http://www.bilibili.com/video/av20127572,2018-02-27,2522,3,9,biubiu大黄
326,【千本樱】我居然鬼畜了我的物理老师！,http://www.bilibili.com/video/av19767270,2018-02-19,2501,34,42,尺素_
327,【葛平×金坷垃】打上坷垃,http://www.bilibili.com/video/av19436852,2018-02-11,2500,85,89,Y_酱
328,【刘醒非凡】Always Yeshi,http://www.bilibili.com/video/av20045440,2018-02-25,2430,128,50,X灬飛飛
329,【梁非凡】白金disco,http://www.bilibili.com/video/av19490472,2018-02-12,2372,13,22,边缘up
330,【卢本伟】吃鸡的晚上,http://www.bilibili.com/video/av19504826,2018-02-12,2308,8,9,冰橙沐雨
331,【兄贵】【皇后♂大道东（重新填词）】【野全是遗贤】,http://www.bilibili.com/video/av19045577,2018-02-02,2287,60,88,温泉组赤背队
332,【波澜哥X全明星】菊花台,http://www.bilibili.com/video/av19373137,2018-02-09,2261,86,35,抄家sama
333,【金坷垃】埃罗芒阿老师op ヒトリゴト（自言自语）,http://www.bilibili.com/video/av19885253,2018-02-22,2156,0,67,白浅くん
334,DNF音乐：相约月光酒馆，我有一杯酒，你有故事么？,http://www.bilibili.com/video/av19276055,2018-02-07,2147,28,61,毒奶粉菌
335,新日暮里十年摔♂跤故事,http://www.bilibili.com/video/av20179213,2018-02-28,2113,55,53,我好烦啊啊啊啊啊a
336,【波澜哥】澜末歌者,http://www.bilibili.com/video/av20153025,2018-02-28,2093,40,45,闇亡之闇苗
337,【五五开】不如开挂,http://www.bilibili.com/video/av19289973,2018-02-08,2075,9,13,ARbattery
338,【金坷垃x元首x葛炮】SHENGDIYAGE&#39;s noise,http://www.bilibili.com/video/av19430851,2018-02-11,2048,35,51,iPlanetTM
339,【波澜哥】天空之城，小红红你愿意和我一起去吗,http://www.bilibili.com/video/av19900809,2018-02-22,2025,28,18,绝念の夜
340,【病名为快】快视频没得洗，无药可救,http://www.bilibili.com/video/av19927598,2018-02-23,1931,44,29,HT大神
341,【鬼畜】【十号线】千本樱,http://www.bilibili.com/video/av19668540,2018-02-16,1920,7,17,喜爱二次元的大虾
342,【渣渣辉】梦的光点——他是一名出类拔萃的演员！（燃向）,http://www.bilibili.com/video/av19108661,2018-02-04,1919,72,25,因你而在的梦
343,【葛平×东方栀子】打上花火（前任版）——致那些遭遇感情伤痛的人们,http://www.bilibili.com/video/av18987843,2018-02-01,1895,42,68,因你而在的梦
344,【丞相&amp;司徒】基开心,http://www.bilibili.com/video/av19400675,2018-02-10,1884,43,25,超爱喝椰汁
345,【贪玩蓝月】Immortals 快来和我渣渣辉一起做兄弟吧！,http://www.bilibili.com/video/av19185066,2018-02-05,1870,17,13,释明空少女
346,【葛平】九门八十一,http://www.bilibili.com/video/av19196457,2018-02-06,1859,28,45,__五_爷__
347,川普传唱STARWARS主题曲,http://www.bilibili.com/video/av20108075,2018-02-27,1840,15,75,御坂妹妹゙
348,【巡山】黎明与萤光,http://www.bilibili.com/video/av19715366,2018-02-23,1833,23,117,HR蓄电池
349,【FGO/非酋】非洲不太热【明明心里很喜欢却召唤不出来】,http://www.bilibili.com/video/av19936431,2018-02-23,1813,19,47,芯如白玉
350,【渣渣辉】恭喜发财,http://www.bilibili.com/video/av19882468,2018-02-22,1813,17,10,帽凌MK
351,【2018金坷垃播种祭单品】爱的主打歌,http://www.bilibili.com/video/av19715542,2018-02-18,1803,38,79,某只小熊
352,葛叔带你玩贪van♂蓝月,http://www.bilibili.com/video/av19823617,2018-02-20,1793,40,20,名侦探目暮警官
353,【王司徒】梦之雨【当年诸葛亮在城头弹的那首曲子】,http://www.bilibili.com/video/av19523660,2018-02-13,1793,46,29,缠在树上的绳子
354,追光者,http://www.bilibili.com/video/av20037946,2018-02-25,1788,20,10,凛雨不日天
355,【兄弟十年贪玩蓝月】你没有玩过的全新坂本,http://www.bilibili.com/video/av20092988,2018-02-26,1742,10,2,肾虚喵喵
356,【周鸿祎】抄开心,http://www.bilibili.com/video/av20038010,2018-02-25,1713,50,26,杨震龙sj
357,【痒局长人力】妄想感伤代偿联盟,http://www.bilibili.com/video/av19503531,2018-02-14,1711,8,78,狮人_SR
358,诸葛亮缅怀王司徒 See You Again,http://www.bilibili.com/video/av19530000,2018-02-13,1674,52,28,上帝助理
359,【葛平】【remix】普通disco-魔塔版,http://www.bilibili.com/video/av19282363,2018-02-07,1664,17,20,cqr19950307
360,【金坷垃】我们不一样  情人节 我们不一样,http://www.bilibili.com/video/av19594005,2018-02-14,1662,6,23,你是我最想留住的星云
361,【葛叔丞相虐唱】故梦—孔明（感动向）,http://www.bilibili.com/video/av19970132,2018-02-24,1631,23,39,我不是_大西瓜
362,【周鸿祎】偷视频进行曲,http://www.bilibili.com/video/av20084256,2018-02-26,1604,42,35,爱坷垃的杨海光
363,【洗脑电音】BITCONNECT EDM REMIX (搬运),http://www.bilibili.com/video/av19853032,2018-02-21,1587,18,90,TIMEpings
364,【葛平金曲】红昭愿【来错区系列】,http://www.bilibili.com/video/av19726901,2018-02-18,1576,26,57,炼锑术士
365,【葛平】2018填坑序列表,http://www.bilibili.com/video/av19567379,2018-02-14,1562,35,47,Spin9
366,【卢本伟】开挂~开挂~开挂~,http://www.bilibili.com/video/av19599530,2018-02-14,1547,5,12,私は第三世界の王者だ
367,【波澜哥】Clattanoia - Overlord 1 OP,http://www.bilibili.com/video/av20119595,2018-02-27,1491,18,21,承天门提督
368,【全明星】财神到,http://www.bilibili.com/video/av19521726,2018-02-13,1474,13,26,杨永gay
369,【金坷垃】消愁-泪目,http://www.bilibili.com/video/av19813022,2018-02-20,1446,11,33,DIY疯子
370,【元首】未来你还会在舰桥上和我说话吗（修改版）,http://www.bilibili.com/video/av19163980,2018-02-05,1438,33,45,咬舌狂魔基林酱
371,坷 Panama 垃,http://www.bilibili.com/video/av20002613,2018-02-24,1411,9,17,极度幻樱
372,《断桥残挂》卢老爷生前是个体面人，新人初投稿。,http://www.bilibili.com/video/av19864135,2018-02-21,1317,12,6,Angel丶Cat
373,【阴阳师】X【稻香】致我们的平安世界,http://www.bilibili.com/video/av19299811,2018-02-08,1309,31,66,叶影先生
374,《无与伦比章鱼哥》专辑-《虫儿飞》,http://www.bilibili.com/video/av20153531,2018-02-28,1304,1,32,愤怒桶
375,高飞＋time,http://www.bilibili.com/video/av19588552,2018-02-14,1298,1,3,幺倬yaozhuo
376,【五五开(卢本伟)】挂儿飞（原曲：虫儿飞）,http://www.bilibili.com/video/av20083976,2018-02-26,1269,3,10,绝念の夜
377,贝多芬的悲伤,http://www.bilibili.com/video/av18992167,2018-02-01,1260,33,8,贝夕芬
378,薛之谦血洗B站重置版第二弹，忙里偷闲的试水改版《方圆几里》,http://www.bilibili.com/video/av19274049,2018-02-07,1250,7,9,喵脸蕾姆嘴和尚
379,【No.15】前前前校长,http://www.bilibili.com/video/av19332593,2018-02-09,1220,39,27,FlinKerlin
380,【金坷垃】一万次悲伤——2018金坷垃播种祭单品,http://www.bilibili.com/video/av19728835,2018-02-18,1182,33,31,Frank-y
381,【马云•闽南语】爱拼才会赢,http://www.bilibili.com/video/av19208620,2018-02-06,1164,33,9,小渣Leon
382,鬼畜追光者【2.0版本】,http://www.bilibili.com/video/av20132024,2018-02-27,1159,12,10,凛雨不日天
383,【33娘】2018拜年嘉年华,http://www.bilibili.com/video/av19620501,2018-02-15,1147,2,17,王哈桑应援450638246
384,【武林外传】当尬笑遇上哆啦A梦之歌,http://www.bilibili.com/video/av19214116,2018-02-06,1131,4,13,一枚病娇妮
385,将军抄-演唱：葛平 其余各项：up!!!!,http://www.bilibili.com/video/av19621728,2018-02-15,1104,10,7,冰冻三尺非一日寒
386,【重新上传】君临天下,http://www.bilibili.com/video/av19774463,2018-02-19,1097,17,8,Alpaca_Sir
387,【MHA人力】拼凑的断音【绿谷出久】,http://www.bilibili.com/video/av19180495,2018-02-05,1085,23,87,咕咕咕噠
388,【电音澜】I&#39;ll be 揉碎,http://www.bilibili.com/video/av19784965,2018-02-20,1061,12,11,Tor11
389,【金坷垃】君と僕,http://www.bilibili.com/video/av19877739,2018-02-22,1054,16,13,江月易心
390,【坷垃祭后援/国家队OP】坷垃之吻【Kiss Of Death】,http://www.bilibili.com/video/av19451456,2018-02-11,1051,19,32,二达呃啊EDEA
391,【合唱】白起许墨ver. Matilda,http://www.bilibili.com/video/av19914852,2018-02-23,1044,29,37,おおくま大熊
392,【波澜哥】天上掉下个林妹妹,http://www.bilibili.com/video/av19600704,2018-02-15,1042,13,14,白衣公卿呀
393,【马云X全富豪】财神到（新年洗脑神曲）,http://www.bilibili.com/video/av19611539,2018-02-15,1028,6,18,狼狈不堪回首
394,【五五开】紫罗兰永恒挂园,http://www.bilibili.com/video/av19918942,2018-02-23,1011,7,13,box李
395,【2018金坷垃播种祭单品】文豪野犬ED-名前を呼ぶよ,http://www.bilibili.com/video/av19727801,2018-02-18,1007,30,74,好甜丶
396,【鬼畜新人（追光者）】闭关之作,http://www.bilibili.com/video/av19780760,2018-02-19,1002,9,10,肾虚喵喵
397,【葛平】十年,http://www.bilibili.com/video/av19311149,2018-02-08,1001,11,13,送豆腐的张大湿
398,【镇魂街】等待【天依X葛叔】末将于禁，愿为曹家世代赴汤蹈火,http://www.bilibili.com/video/av19550552,2018-02-13,980,12,9,灵魂调音师
399,【金坷垃】非洲子和日日美的日常 —— 《Let&#39;s Pop Together》,http://www.bilibili.com/video/av19391819,2018-02-10,935,20,33,冯小肛
400,【九九八十一】X【彩虹六号】送给我最爱的游戏【葛平献唱】,http://www.bilibili.com/video/av19531712,2018-02-13,890,4,24,九三三三三三
401,【数学世界】葛平,http://www.bilibili.com/video/av20142477,2018-02-27,884,75,49,翁則少爺
402,【马云】孤单北半球,http://www.bilibili.com/video/av19890416,2018-02-22,880,5,14,石晓髦
403,【兄贵】等你♂下课，放学别走      比利♂伦,http://www.bilibili.com/video/av19069413,2018-02-03,878,8,8,就是硬币太多想改昵称
404,修复【白金DISCO】渣渣献唱一曲白金DISCO邀你八点开车,http://www.bilibili.com/video/av19377823,2018-02-09,865,2,11,Me灬糸兔Too
405,【立春特辑】金坷垃 - 春意农节（二十四节气配布，原曲：春意红包）,http://www.bilibili.com/video/av19163917,2018-02-05,861,19,32,三维弹球
406,【葛平】高数（原曲：演员by薛之谦）,http://www.bilibili.com/video/av19541733,2018-02-13,855,18,18,薛定谔的诺斯猫
407,【班级纪念鬼畜】高三镇（原曲童话镇）,http://www.bilibili.com/video/av19782451,2018-02-19,839,18,24,绿色的礼帽
408,【圣地亚哥金曲】Kidele-Hello--《殇情何须再追忆》题旨,http://www.bilibili.com/video/av19023884,2018-02-02,804,11,18,-提问-
409,【周鸿祎】Sky High,http://www.bilibili.com/video/av19932097,2018-02-23,790,17,17,杨永gay
410,【小南极】比宇宙更远的地方ED-葛平、洛天依中文翻唱,http://www.bilibili.com/video/av18992716,2018-02-01,778,7,10,刘阿宾xb
411,【李泽言 人力VOCALOID】Glow【中文（瞎JB）填词】,http://www.bilibili.com/video/av19111069,2018-02-04,755,11,27,你死了吗啾
412,「电子毒品抖腿向」使命召唤超带感枪声音乐,http://www.bilibili.com/video/av19180120,2018-02-05,754,2,10,你不敢看我主页
413,【葛平】童话镇,http://www.bilibili.com/video/av19022985,2018-02-02,734,3,5,起晚贪黑
414,韭菜也不让卖？我噶你命根！,http://www.bilibili.com/video/av19139778,2018-02-04,732,1,3,阿喵金大喵
415,【ブルーバード】波澜哥竟然在舞台上唱起了青鸟！,http://www.bilibili.com/video/av19009446,2018-02-01,709,4,9,Minecraft源
416,葛叔教你学【电子转移】,http://www.bilibili.com/video/av19722769,2018-02-18,697,6,8,逸枫空城
417,【陈少龙】心灵的伊甸园,http://www.bilibili.com/video/av19269289,2018-02-07,692,14,17,神埼Arisu
418,【洛天依 葛平】青春舞曲 四声部混声合唱,http://www.bilibili.com/video/av18985249,2018-02-01,685,6,12,名字是Orz
419,【金坷垃】Double LAriat【PV付】,http://www.bilibili.com/video/av19713082,2018-02-21,679,10,58,HR蓄电池
420,【葛平】 我们不一样,http://www.bilibili.com/video/av19419147,2018-02-10,650,4,6,神君-杜姆
421,上司不能和下属谈恋爱【梁非凡的心声】},http://www.bilibili.com/video/av19149851,2018-02-05,629,8,8,过客丶w
422,【葛平】【老兵不死】《向天再借五百年》老兵不死，军魂永驻,http://www.bilibili.com/video/av19084385,2018-02-03,609,19,15,堂吉诃德式的单恋
423,【金坷垃】一鼓作气（弹死你）,http://www.bilibili.com/video/av19091395,2018-02-03,604,3,4,大川爱麒麟
424,【金坷垃】【播种祭单品】某人,http://www.bilibili.com/video/av19677235,2018-02-18,602,11,45,UNIV_Bayou
425,佛辣舞diudiudiu,http://www.bilibili.com/video/av19048458,2018-02-02,598,19,10,掐指一算吃瓜吗
426,淋雨一直走（葛平）,http://www.bilibili.com/video/av19705852,2018-02-17,570,11,10,爱旅行的晨星
427,【金坷垃】电子天使,http://www.bilibili.com/video/av20171136,2018-02-28,564,3,19,杨永gay
428,【MLP/鬼畜】元首对小马毒害B站的看法,http://www.bilibili.com/video/av19161422,2018-02-05,564,10,10,Reality代码
429,【葛叔】山外小楼夜听雨,http://www.bilibili.com/video/av18990775,2018-02-01,564,9,17,菜花Lee公子
430,【观海同志】【刚好遇见你】,http://www.bilibili.com/video/av19810717,2018-02-20,563,3,2,高级云玩家
431,【葛平x洛天依】素颜,http://www.bilibili.com/video/av19438520,2018-02-11,552,18,8,元深Lober
432,【粤语♂哲学】财神到,http://www.bilibili.com/video/av19618180,2018-02-16,545,7,4,天儿爷233
433,【我要当明星】明星座明星座【PV付】,http://www.bilibili.com/video/av19332384,2018-02-09,539,10,13,周尼玛12345
434,【葛平】听说卢本伟被封杀,http://www.bilibili.com/video/av19563032,2018-02-14,538,2,3,小大哥666
435,都是yin才啊！！！！！,http://www.bilibili.com/video/av19780213,2018-02-19,534,9,7,しいな--ましろ
436,【胡逆天】愛的火花,http://www.bilibili.com/video/av19626916,2018-02-15,516,10,18,胡逆天
437,权御天下-改编向  [填词：up主] [演唱：葛平],http://www.bilibili.com/video/av19737172,2018-02-18,514,8,2,冰冻三尺非一日寒
438,种田游戏OP Feed The Kela,http://www.bilibili.com/video/av20031368,2018-02-25,503,8,14,轻松自由果
439,【MaestroZiikos】川普倾情演唱Single Ladies (Put a Ring on It) - Beyoncé,http://www.bilibili.com/video/av19944172,2018-02-23,483,2,18,‮‮晏滩
440,【葛平】震惊！葛平竟变身Beyond演唱了海阔天空？,http://www.bilibili.com/video/av19769126,2018-02-19,472,11,6,肥宅__
441,《无与伦比章鱼哥》专辑-《送别》,http://www.bilibili.com/video/av19508031,2018-02-12,470,2,16,愤怒桶
442,【金坷垃】Polka Polka Polka【恶灵附身2GMV付】,http://www.bilibili.com/video/av19984550,2018-02-24,469,2,10,Rogan年后
443,虚幻非凡【code lyoko 】,http://www.bilibili.com/video/av19880777,2018-02-22,469,3,16,甩小畜的节操
444,【葛平】DA♂RK BOY 别哭,http://www.bilibili.com/video/av19032148,2018-02-02,466,4,5,Ein-Same
445,van和比利四手联弹（滑稽）,http://www.bilibili.com/video/av19773643,2018-02-19,462,2,2,Cthulhu-s_eye
446,世界的坷垃来相会,http://www.bilibili.com/video/av19758813,2018-02-19,457,6,17,爱坷垃的杨海光
447,【情人节特辑】White Album-波澜哥   愿有情人今日人均白学现场~~,http://www.bilibili.com/video/av19572798,2018-02-14,455,6,10,释明空少女
448,制作了美洲豹的角色歌 ~无法理解的魔法~,http://www.bilibili.com/video/av19232009,2018-02-06,451,2,35,MaPignon-NaCl
449,【金坷垃】坷垃道  原曲无间道,http://www.bilibili.com/video/av19043772,2018-02-02,450,2,6,生意失败
450,我的金坷垃,http://www.bilibili.com/video/av20031388,2018-02-25,434,5,3,黎小丸
451,【岳云鹏x葛平x计算器】神的随波逐流,http://www.bilibili.com/video/av19087187,2018-02-03,432,9,16,死犟的四酱
452,【葛平/洛天依】永远的思恋,http://www.bilibili.com/video/av20110256,2018-02-27,430,8,16,二逗帕拉丁
453,【坷垃祭后援】坷垃舞【Spider Dance】,http://www.bilibili.com/video/av19451605,2018-02-11,430,4,10,二达呃啊EDEA
454,【葛平】文科生的情书（谨以此曲纪念up尚未完结的文科单身狗生涯,http://www.bilibili.com/video/av19510119,2018-02-12,427,24,22,张饕饕
455,[葛叔]水 手,http://www.bilibili.com/video/av20179071,2018-02-28,425,10,6,是天-使哦
456,【洛天依X庞麦郎】老司机 带带我,http://www.bilibili.com/video/av20122345,2018-02-27,404,4,3,-SAtao-
457,【FGO】光非岁月——谨以此歌献给被毒池戕害的非洲咕哒们,http://www.bilibili.com/video/av19421363,2018-02-10,390,5,3,我爱小想想
458,制作了苏利羊驼的角色歌 ~欢迎来到加帕里咖啡馆~,http://www.bilibili.com/video/av19465480,2018-02-11,383,0,11,MaPignon-NaCl
459,【波澜哥】画风,http://www.bilibili.com/video/av19221823,2018-02-06,382,5,8,白衣公卿呀
460,目标是神奇宝贝大师【灰太狼日语练习】,http://www.bilibili.com/video/av19041895,2018-02-02,382,0,6,HighPeriod
461,【葛平】小up主之歌（红昭愿）——致所有无名而伟大的小up主,http://www.bilibili.com/video/av19502885,2018-02-12,375,13,7,高冷的蛋饼
462,【DNF】新版本更新，我是DNF嘴强王者,http://www.bilibili.com/video/av19355545,2018-02-09,360,1,3,菌家工作室
463,[金坷垃]林中坷垃,http://www.bilibili.com/video/av20059301,2018-02-25,358,3,4,糖醋小鲍鱼
464,什么歌（四六级版）葛平,http://www.bilibili.com/video/av20142894,2018-02-27,353,3,6,永不放弃的伍德
465,【全明星】【感动向】【Por Una Cabeza】距鬼畜一步之遥,http://www.bilibili.com/video/av19679406,2018-02-16,355,10,9,喵の茴香
466,【乃木坂46】海绵真夏,http://www.bilibili.com/video/av19996564,2018-02-24,353,1,6,桥枪枪
467,【葛平】失恋阵线联盟,http://www.bilibili.com/video/av19880351,2018-02-22,353,2,4,空耳好大
468,【金坷垃】星蝶公主ED,http://www.bilibili.com/video/av19555152,2018-02-13,350,2,4,Green鹏
469,【中国boy*逆风笑】辍上花火,http://www.bilibili.com/video/av19238797,2018-02-07,344,2,0,长果en
470,【葛平】阴阳先生,http://www.bilibili.com/video/av19127481,2018-02-04,344,4,3,夏天不要热
471,【葛平】大鱼,http://www.bilibili.com/video/av19198792,2018-02-06,338,1,8,起晚贪黑
472,【葛平X林俊杰】Vol.1《那些你很冒险的梦》,http://www.bilibili.com/video/av19338192,2018-02-09,337,2,9,因你而在的梦
473,天朝第一歌姬的吃鸡之路,http://www.bilibili.com/video/av19632036,2018-02-15,327,4,2,十七明
474,波澜哥【破烂融解】+金坷垃【等你撒肥】+洛天依,http://www.bilibili.com/video/av20028010,2018-02-25,322,2,2,AdLiY丶奥尔德尼
475,火力盗频王,http://www.bilibili.com/video/av19895580,2018-02-22,318,2,5,永不放弃的伍德
476,【葛炮】秃卷风——致我们终将逝去的头发,http://www.bilibili.com/video/av19758499,2018-02-19,316,5,12,果然酱真的好想长高qwq
477,【葛平】让我们荡起双桨,http://www.bilibili.com/video/av19559854,2018-02-13,315,3,3,归曼火花一闪_
478,我的一个公主朋友,http://www.bilibili.com/video/av20181523,2018-02-28,314,1,3,一恩奇都一
479,【预告】依然周杰伦part1,http://www.bilibili.com/video/av19661471,2018-02-16,314,1,4,Z杰洛X
480,请给我翅♂膀,http://www.bilibili.com/video/av19608426,2018-02-15,314,5,3,一米八田
481,震惊！过气男唱见拖轨竟然被这样对待...,http://www.bilibili.com/video/av19790630,2018-02-19,313,3,7,乌基国
482,【鬼畜调教】演员//葛平、薛之谦合唱,http://www.bilibili.com/video/av19574083,2018-02-14,313,15,3,上官思宇丶
483,制作了小包的角色歌 ~已经存在~,http://www.bilibili.com/video/av19896286,2018-02-22,312,2,33,MaPignon-NaCl
484,【古风填词】【局座】太阳永驻希望永存,http://www.bilibili.com/video/av19536818,2018-02-13,312,2,10,Nvinerve
485,【旅行青蛙】我家呱仔不可能去新日暮里旅游！,http://www.bilibili.com/video/av19381589,2018-02-10,309,1,4,亿丶
486,【葛平】白色相簿 after all ～缀る想い～【中文填词】,http://www.bilibili.com/video/av19065493,2018-02-03,304,6,2,鼠瓜子
487,川普X黄老板怒唱Perfect,http://www.bilibili.com/video/av19786473,2018-02-19,302,0,5,御坂妹妹゙
488,【金坷垃】撒在深秋 原曲 爱在深秋,http://www.bilibili.com/video/av19371290,2018-02-09,300,4,8,生意失败
489,【MYK48】【金坷垃】宣言,http://www.bilibili.com/video/av19340521,2018-02-10,296,3,5,熙瑶枢纽站
490,【葛平】鬼畜.com,http://www.bilibili.com/video/av19340739,2018-02-09,293,9,8,Pulecrow
491,葛平《9420》（Cover麦小兜）,http://www.bilibili.com/video/av20010807,2018-02-24,291,4,3,Awent丶
492,【葛平】吃鸡吃出【爱】,http://www.bilibili.com/video/av19441552,2018-02-11,285,1,10,污老师QAQ
493,【或守鞠亚】3【布兰妮】,http://www.bilibili.com/video/av19515210,2018-02-13,284,3,6,Rogan年后
494,《无与伦比章鱼哥》专辑-《让我们荡起双桨》,http://www.bilibili.com/video/av19370463,2018-02-09,283,1,9,愤怒桶
495,【葛平】听说你们要开学了~【再飞行】,http://www.bilibili.com/video/av19932355,2018-02-23,280,11,4,纯钧是纯钧
496,【葛平】病名为烧,http://www.bilibili.com/video/av19905767,2018-02-22,277,11,0,绿色的格子
497,【葛平】恋爱ing,http://www.bilibili.com/video/av19316462,2018-02-08,277,10,5,在空气中游泳
498,彩虹六号 逆战,http://www.bilibili.com/video/av20141382,2018-02-27,276,3,5,兰卿舜弦琴
499,【北酱试制】战舰少女r金坷垃版,http://www.bilibili.com/video/av19722411,2018-02-18,276,0,3,呆萌型小北方
500,【金坷垃】祝⑨鸽,http://www.bilibili.com/video/av19841557,2018-02-21,274,2,6,冰嘧啶
501,【元首×蓝猫×炮姐】地厚天高,http://www.bilibili.com/video/av19548179,2018-02-13,273,18,2,热门幽默短片
502,干物弟！小雨 [鬼畜我的同学第11期！！！],http://www.bilibili.com/video/av19837015,2018-02-21,269,7,7,地球娱乐世界第一
503,酒吞物语,http://www.bilibili.com/video/av19918633,2018-02-23,264,0,3,潕原则
504,【诸葛&amp;司徒】追光*孤岛蓝鲸,http://www.bilibili.com/video/av19508935,2018-02-12,257,6,0,柴五十
505,【金坷垃】大约在冬季（搞笑版）,http://www.bilibili.com/video/av19596481,2018-02-15,256,6,2,热门幽默短片
506,【丞相】彩虹（周杰伦）,http://www.bilibili.com/video/av19696619,2018-02-17,252,2,3,六个硬币换
507,一个即将中考的UP：送给全国即将参与中考的考生！,http://www.bilibili.com/video/av19110525,2018-02-04,248,9,8,虚空闪光
508,【金坷垃】My way 走属于我的鬼畜之路！,http://www.bilibili.com/video/av19535892,2018-02-13,243,5,13,Nvinerve
509,葛平--童话镇,http://www.bilibili.com/video/av20096088,2018-02-26,242,4,2,木_楚
510,【尻尻镇】是兄弟，就来看尻尻镇,http://www.bilibili.com/video/av19196189,2018-02-06,240,1,0,青魈丶
511,牵丝戏-麦林炮手,http://www.bilibili.com/video/av19438376,2018-02-11,239,5,2,麦林阿道夫
512,川普携北美天团齐唱Attention-川普X观海X一元,http://www.bilibili.com/video/av19803674,2018-02-20,234,3,7,御坂妹妹゙
513,【葛平&amp;马云】等你开学（等你下课）,http://www.bilibili.com/video/av20014401,2018-02-25,232,7,3,被秒成渣
514,【元首＆金坷垃三人组】金坷垃很逊,http://www.bilibili.com/video/av19686667,2018-02-17,228,8,7,冰雪大逗比
515,葛平竟然唱出了【呜咽】,http://www.bilibili.com/video/av19258663,2018-02-07,227,4,5,逸枫空城
516,【人力MSSP】音乐组的跳舞！VR DANCE！,http://www.bilibili.com/video/av19886006,2018-02-22,217,0,15,咕咕咕噠
517,【坷垃X轨迹】你们要的闪三ED,http://www.bilibili.com/video/av19617051,2018-02-15,217,5,6,某饭团
518,【群医/鬼畜】葛平唱天使的翅膀,http://www.bilibili.com/video/av19644848,2018-02-16,216,4,2,被遗忘的群医
519,坷垃手机后半部分,http://www.bilibili.com/video/av20120619,2018-02-27,212,4,4,Team默默
520,【葛叔演唱】全明星-至少过四级,http://www.bilibili.com/video/av19185595,2018-02-05,195,3,4,大魔王学英语
521,【坷垃吟】———圣地亚哥男子偶像天团,http://www.bilibili.com/video/av19108944,2018-02-04,186,1,1,萃英山扛把子
522,【新人】【葛平】未闻花名，记忆从前的那份美好时光,http://www.bilibili.com/video/av19778093,2018-02-19,178,4,3,绝念の夜
523,【葛平】倾情演唱甜蜜蜜,http://www.bilibili.com/video/av20117389,2018-02-27,177,3,5,死极。
524,【葛平】未闻“二次元”（看看有没有你喜欢的人）,http://www.bilibili.com/video/av19634068,2018-02-15,176,6,7,不喝可乐的薯片君
525,栀子情-青花瓷[改编向]-葛平【up填词】,http://www.bilibili.com/video/av19826626,2018-02-20,174,3,6,冰冻三尺非一日寒
526,朴树与两个葛叔的平凡之路,http://www.bilibili.com/video/av19226757,2018-02-06,174,6,3,LilyDAS
527,【金坷垃】坷垃云阔 肥料如歌,http://www.bilibili.com/video/av20087043,2018-02-26,173,2,6,这是一只猹
528,【葛平】丝芭啊，你到底能听到吗？,http://www.bilibili.com/video/av19562790,2018-02-14,163,1,3,奇葩的狗熊
529,【金坷垃】乙女理論とその周辺_OP,http://www.bilibili.com/video/av19126383,2018-02-04,165,2,2,呆萌型小北方
530,千本樱【灰叔日语练习2】,http://www.bilibili.com/video/av19511649,2018-02-12,157,0,3,HighPeriod
531,一口气全黑对——约君（某舍友）的大学生活日常,http://www.bilibili.com/video/av19501034,2018-02-15,150,1,0,w约书亚w
532,[相聚万年树]马yun与“它”的故事,http://www.bilibili.com/video/av19488845,2018-02-12,143,0,0,萌神丨馒头
533,吔之舞,http://www.bilibili.com/video/av19294897,2018-02-08,141,5,0,五色之心
534,空降视频,http://www.bilibili.com/video/av19736281,2018-02-18,140,2,2,刺客老王cklw
535,【人力刀剣乱舞】天下无敌之愚者【同田貫正国】,http://www.bilibili.com/video/av19388254,2018-02-10,138,52,7,Placy配菜君
536,【金坷垃】【负债千亿新人】坷垃吟,http://www.bilibili.com/video/av19569057,2018-02-14,124,0,0,爱坷垃的杨海光
537,【人力兽娘】C.a.l.c.,http://www.bilibili.com/video/av19321079,2018-02-08,123,1,6,全年铃响
538,【崩坏歌姬·sharpkey】如果让琪亚娜唱笑忘歌会发生什么（假装是GALGAME一样的界面）,http://www.bilibili.com/video/av19568598,2018-02-14,119,0,0,亮银龙胆紫
539,[新人第三作]震惊！小非小日竟然互让金坷垃！,http://www.bilibili.com/video/av19336623,2018-02-09,119,1,6,蛀牙单身菜
540,垃答案_半成品,http://www.bilibili.com/video/av19122073,2018-02-04,116,0,0,隔雨听竹
541,京城小巷,http://www.bilibili.com/video/av19325475,2018-02-08,113,0,0,绿豆味的肥皂
542,美琪 果果 葛平 歌声与微笑,http://www.bilibili.com/video/av20014639,2018-02-25,111,0,2,第二套妮露MUSIC
543,【剧情向】一首自带剧情的后会无期（表情包pv）,http://www.bilibili.com/video/av20043734,2018-02-25,106,4,2,肤白貌美小昭烈
544,【葛平】YOU ~ 蓝猫鸣泣之时【基情翻唱】,http://www.bilibili.com/video/av19184755,2018-02-05,106,3,0,热门幽默短片
545,Boss的角色歌曲制作了～导游机器人幸运野兽战争～,http://www.bilibili.com/video/av19934431,2018-02-23,103,0,5,一只猹儿
546,【电音金坷垃×葛平】you make me,http://www.bilibili.com/video/av19635639,2018-02-15,100,1,4,闲的peppa碎了
547,【元首】宇宙最强无敌的邮递菲菲魔术师,http://www.bilibili.com/video/av19428616,2018-02-11,91,0,0,热门幽默短片
548,【奈亚子】搞爆那激萌的肾宝,http://www.bilibili.com/video/av20102356,2018-02-27,89,0,0,萌神丨馒头
549,【葛平】病名为猫(Short ver.)【重投x2】,http://www.bilibili.com/video/av19055975,2018-02-02,89,0,0,热门幽默短片
550,随便,http://www.bilibili.com/video/av19096425,2018-02-03,65,0,0,零语碎词
